id,d0,d1,d2,d3,d4,d5,d6,d7,d8,d9,d10,d11,d12,d13,d14,d15,d16,d17,d18,d19,d20,d21,d22,d23,d24,d25,d26,d27,d28,d29,d30,d31,d32,d33,d34,d35,d36,d37,score
1,104.626181511,-87.3370513829,0.607156981647,-53.6033110111,126.564614422,-99.0310652142,79.3928968269,-88.8971693304,-14.0585573166,-147.667876831,-177.571348818,-109.955999374,-22.4838086054,-83.3591123122,-99.1414978033,37.1464333789,132.581501408,-69.6222279764,70.8650618202,128.097337746,18.2252499774,-58.6213880235,29.4608445723,-144.353685825,100.333607713,43.6103810458,147.588795855,-92.590062988,79.6044588733,-103.254744025,36.5585870188,-83.2830645758,45.7698680116,-31.8888209749,-179.655985091,-118.750231318,65.9954316833,29.5556946409,1350063456.01
2,72.6418890518,-15.9947095295,36.7574704839,-32.6229337273,130.841967348,-76.7984599722,52.8419715874,-69.1657786151,-24.0442796195,-125.444691949,-124.0624521,84.5181600046,8.96575814837,-75.5604350517,-48.3907847133,-15.1464473821,25.9638888912,88.3127915497,-5.02642941286,-33.4351882738,38.2077518753,-179.983567513,-86.8034141892,-124.231479514,-25.391072237,42.8488338896,-77.599697342,-82.5190766163,-6.39612079737,-82.8110383278,-41.983286488,-3.7384576612,69.8552314605,-75.7124283144,-145.516898572,-35.6588434553,89.1488229443,-65.5885446908,1812134003.43
3,80.0899754432,-77.7673119034,-0.974857952199,-74.586307342,129.620994661,-118.635394703,22.3657136953,-71.8938398305,4.23857287099,-133.384070923,-157.51407137,-155.709902029,-1.04710544543,-130.95036037,-94.9731495736,72.3953261272,122.618155762,-84.1000450076,121.79651238,156.934332392,23.4914877346,-44.4920779426,-51.9890376143,-137.989240731,78.6673209638,64.1164438622,109.103373721,-133.768841644,82.275622117,-101.040208109,-29.1962311037,-88.9232129633,91.6157251178,-92.6841617924,-177.222645543,-127.960137106,151.367092729,-70.7113354307,1210894771.57
4,74.7598133796,-63.0923365983,-45.9939818074,-63.0716940267,118.967402846,-101.190398465,52.6106087293,-70.8279009398,2.27571781179,-132.638455518,-163.360080019,-154.651001666,-51.0329505577,-61.0852465112,-113.801644102,76.265620675,139.146802563,-127.146843366,99.3841954731,145.105104436,13.2859261158,-51.2206975587,-11.7518483036,-135.070565072,68.4171842535,43.975882891,160.77866351,-141.372481537,130.123404548,-106.08974781,-29.713827577,-124.430260027,20.2412272266,-0.188371299518,-148.08920527,-122.090975097,-58.8303212473,23.8226877621,1210903722.54
5,80.774873344,-81.5240588775,-56.8004613687,-80.4016958723,143.483412191,-116.710034023,19.6048947415,-100.104665191,11.1670566335,-142.419332159,-151.757791238,-151.898284934,-19.1053888774,-124.198634391,-89.2109616794,83.9485508691,120.677161798,-78.9029947176,116.519987169,154.467092584,38.5955486942,-43.6809546201,-53.4632579911,-115.224820983,117.156134839,51.0209753954,153.107131905,-133.934159229,86.4294433551,-103.145585385,-35.6773062511,-79.8496079111,105.024874563,-90.0562086198,-176.047063709,-116.026034657,170.693414722,-64.8354049066,1210894725.5
6,48.7302598171,50.4183753751,-107.537023904,-58.013488987,142.960435488,13.9856370298,20.364075449,47.3625004745,37.0601581183,60.8338676179,16.6172964944,-3.5377441178,6.7815124366,-115.666536907,-28.1585412624,-32.86329708,123.603777672,-89.8771005989,22.567365511,-19.3638671146,-22.7008792978,-68.6595074422,4.65339955412,-137.578605666,82.2943434026,104.076754702,75.6331537173,-140.727948524,-54.4909313036,-2.1323285116,-42.0602091835,33.094523738,-36.6495313168,-80.4560947764,73.0374704931,-110.831788789,-35.0560965032,-113.002007969,21723565432.4
7,91.9379531274,-39.5909691576,44.462324698,-130.315377954,93.8738919275,-87.249575681,-10.5136163044,-35.0907385234,19.1422171912,-140.378345587,-141.202581456,-139.295110937,24.3744402648,-63.6822251564,-43.0812714704,63.5946094936,113.848041822,-72.9498885143,-17.3575000688,161.50286337,-16.6315212081,14.2680591534,23.6157616232,-137.048262012,69.9604709888,71.6017585971,155.226884739,-119.589055046,60.3911238342,73.0071065804,28.527654333,-87.3976279464,85.0394259361,-0.659396467244,-161.886773365,-54.8882134814,-110.838160991,-83.7259874634,1211302430.94
8,94.0982529834,-166.958225363,69.975936521,-36.1894166114,44.8741634596,-98.2866165426,22.0116202698,-125.498737358,11.2807072992,-122.028176774,-145.313054557,-179.997651802,-52.0510634517,-84.7853257883,-95.9367064393,85.2378462382,157.709124385,-89.1053457227,66.8817150557,128.045641015,3.39403250524,-32.6012840864,37.1355102586,-141.104196975,102.797260144,54.1604793751,89.9504353485,-129.90771325,23.8082635352,-27.699461467,56.5922870476,-64.9766675713,95.4552142686,-34.1286832153,-55.9568799908,-78.7787163091,114.557182775,2.34796363545,1211736003.19
9,81.0556949242,-79.3855476536,7.12392276351,-70.2285461102,131.923155294,-100.291858048,20.9601395661,-118.183363156,-2.07125755183,-137.590681247,-145.676804142,-171.115298837,-45.2534144627,-97.1286444599,-103.306767511,77.3606651563,136.601199164,-76.6332601458,97.1903902732,157.940072226,23.9583674725,-39.7450988779,-15.0811687408,-130.727019229,104.095504673,62.1515370625,140.27414236,-121.617737697,87.0787888816,-91.2322463289,-22.6161931636,-91.6664713041,132.392800375,-74.4649222555,-179.992412796,-117.157320087,165.790884316,-86.1955013126,1210895971.9
10,77.767234873,-93.4540436692,50.4786409964,-55.4923931458,133.820417239,-102.037114326,14.2460319259,-66.7140897428,-1.93763901003,-165.732115076,-153.753461434,-152.023004589,-8.04281395728,-103.800309957,-96.0313472619,73.0337200131,133.121588976,-80.2817950531,111.268757159,150.098668987,21.5772127178,-34.4125334971,-12.7182221298,-114.369112577,91.8982199005,48.6611505201,113.238663376,-115.999601483,73.3753484827,-89.7197602321,-25.7197373214,-83.3442502058,96.3998024335,-68.5082926972,-179.999982345,-115.488869827,144.726035302,-53.7643425387,1210895059.36
11,82.2318127857,-92.1660685024,46.7512710023,-62.9336313744,134.514072536,-105.609925171,-1.54819113798,-81.2548562,-2.12211784386,-144.257859003,-153.569897136,-153.501321381,-22.8804142188,-93.6646008909,-109.286935571,76.9050537252,133.826721902,-72.8335399994,89.5285786054,156.601948836,18.2153738827,-40.5192812285,-19.2241271297,-122.258129338,86.5109850146,56.5596303718,122.267642863,-114.938472709,78.2389487826,-103.581908515,-38.9731001792,-87.7448302042,105.144489909,-70.0638629369,-179.518302412,-118.231892531,146.971432329,-58.1578833984,1210894642.06
12,-16.0905352701,-66.5494526353,68.932276853,23.4707477825,73.6956270552,-68.9268579313,57.8102732086,-67.5224194462,29.094534814,-18.2172404411,-178.305829639,-147.309446313,20.4415970403,-75.2277451671,-107.355940019,-21.5367658303,138.619451512,-6.44587264213,0.132430872758,127.243899552,-8.64636108508,-68.00728573,145.558620501,-90.2622839136,146.79413333,22.7890641505,131.411379282,-113.740818945,21.430187862,-26.8676870213,-44.3750382539,-43.1350248572,-119.321062088,-54.0793203795,-45.204618716,-3.71535511887,139.024031606,-47.5145465072,15520148457.2
13,74.2538977738,-64.3369198745,49.7609911126,-44.0464946012,129.768895505,-105.282986309,20.15491964,-80.80980232,7.27708691831,-129.042270819,-164.843242612,-135.77280719,-18.4415368404,-94.7891293214,-102.312010072,82.0381970858,125.655076866,-84.4558082229,105.75673258,150.663004296,16.21327168,-40.9399804708,-26.7463486245,-118.390236777,116.908916034,57.8422134357,128.193272078,-117.733494091,86.9407069417,-100.523660374,-35.0019268464,-85.7062823143,89.9266929765,-69.3047803609,-178.604805275,-115.489027308,155.818257462,-59.2631808461,1210894776.06
14,72.7426823476,-70.5444191774,46.9654015715,-40.0273424884,140.876118644,-97.1700716781,0.772730718644,-88.2227592429,7.26132815241,-128.917101607,-162.319423964,-155.02324721,-1.57865109057,-111.705960954,-112.036862819,83.6616874539,139.892183479,-91.1696592455,92.7921312038,170.626755967,11.4635612032,-42.467581845,-28.558062052,-140.462942117,100.81474146,57.7214311173,121.554351128,-116.480004161,75.5284214579,-102.313747794,-49.8135656984,-86.5595799099,92.6555784929,-68.6534273825,-162.495806254,-120.054371786,143.972558669,-64.4851433979,1210894817.37
15,73.3491029091,-60.3217759943,47.0455445027,-44.0225142781,135.041854528,-104.32243332,3.91589040255,-82.5445066241,4.99640738669,-133.450363669,-138.568761459,-157.149585666,-17.658982836,-111.496546078,-103.786320084,81.2205917775,135.905023607,-92.9578520083,90.9677657181,163.006191848,8.32407848561,-26.3651982881,-29.7170286715,-128.223033381,100.244077129,56.4193767285,132.708346154,-117.441870517,74.295617958,-100.147621109,-44.7070111999,-85.6656715862,95.3279690231,-74.3798249951,-160.73076284,-108.577395039,133.309052158,-51.5157785254,1210895033.75
16,91.9357039952,-58.9439582146,45.9148702953,34.3755779895,167.654583775,-137.121317583,44.6357561441,-87.0532491706,4.60421795127,-163.259658811,-167.191714513,-131.694999749,33.5826243039,-83.8579229766,-107.550877475,90.90068628,133.811823106,-91.3855755345,119.949071413,179.990915505,7.21476727054,-36.8556849918,31.1362136924,-78.6670768422,81.1553337948,63.6816252948,171.982925991,-123.005831859,70.5880962294,-82.9119123745,88.9258332793,-72.0102377817,84.9525821613,-52.6771692329,-165.400425485,-126.251417238,136.45301141,-80.7465298447,1210897986.79
17,109.374601662,-64.7532309241,41.202545752,-3.21707102382,87.1522275982,-137.030429491,80.6833987966,-65.3351147625,75.7450958273,-138.463164148,-143.094418945,-134.635541963,-23.4791323094,-80.7043331524,-108.269718777,76.8626457795,112.213676702,-82.7430728863,110.27898959,144.483060957,22.4228342328,-42.9202714803,99.0720254216,-91.1306371512,93.4851158498,126.115884433,167.922827408,-71.4827865218,61.3525178637,-90.8186017411,60.7600052243,-73.2934748685,103.204891078,-38.1665615495,-179.795740274,-119.371884584,144.556950777,-84.4044419092,1211922416.23
18,51.5803416789,-98.7943905075,53.2419871838,25.8195145058,174.966587214,-113.827083246,88.4892315097,-57.9014468478,29.3959260863,-98.4416119145,-172.223559801,-148.695194237,24.3216730386,-92.339722007,-80.9502946053,91.8833918059,132.826432288,-88.2282699718,97.9561735422,107.584210817,20.3621039414,-1.53829594722,144.972786063,-75.0644896005,70.1896262395,38.7606652858,179.27870095,-103.08484864,53.213602201,-101.528095494,82.6629245504,-124.005180798,109.113469534,-42.3426714861,-172.581772657,-86.4925563457,155.566196383,-105.299197452,1210988789.48
19,150.525704643,-116.74880679,59.3146382866,60.0707866965,159.752018292,-123.093320347,69.1588872188,-68.3966803485,33.2983696439,-153.269545652,-118.689259356,-152.670054,9.78199325529,-76.1230487089,-105.322566168,66.6965020161,111.016945496,-57.5173077751,157.726906807,87.9821765195,29.7499451772,-41.6552664445,155.528926206,-76.198951418,83.3167754117,82.1015318771,172.612070595,-43.4177811617,62.7208556125,-75.5574549023,119.595423514,-64.0646726078,135.33169505,-48.3199339529,-159.566578629,-124.559832607,167.129776225,-125.478198911,1210898161.17
20,139.250891974,-127.939732911,51.9771441255,65.7930292636,161.266595913,-100.152382553,84.330442985,-70.4625287219,40.4574056164,-162.673594917,-144.818837815,-179.789263003,12.2808297052,-74.4106291387,-96.7114897729,69.1061011305,124.408306545,-73.5087861193,132.750595154,106.12612361,26.6117938567,-42.8428807507,144.891228691,-87.5063959955,85.082013523,73.0898959973,159.895343378,-53.7290606974,66.7371786165,-72.0566035375,159.622204291,-109.123901246,123.723760712,-54.2737141197,-179.607695858,-121.801661607,174.46336764,-108.706361659,1210908374.77
21,137.845489845,-130.780823162,56.4170395635,63.8400909587,154.02953836,-120.939891336,84.3896161443,-65.7076083089,30.2108618626,-165.871154895,-134.946698391,-153.127823642,23.6756630181,-70.9377419011,-106.606312825,78.8053659361,129.518472939,-76.7487204798,121.644801112,107.262518671,30.2171944742,-34.7028926969,144.67835797,-82.2785010238,83.5683441595,53.3616715278,162.609053813,-61.8442116041,70.0013642697,-67.5897072457,163.694581159,-110.254618901,119.354664115,-43.9456484414,-179.691326156,-126.860881879,162.824822909,-120.823943663,1210895027.74
22,146.111254379,-128.333292725,72.8592507856,122.126807243,158.735253677,-133.366122361,80.6668102784,-68.6118638059,25.7618142295,-168.688705972,-125.181020149,-157.061929801,29.1965430761,-73.5830169492,-106.782180963,73.1764899153,123.255770769,-98.0981422151,130.637344568,116.621338164,21.6637157281,-29.6542190199,152.612876729,-82.2407236693,84.1575931154,71.1991923992,155.173340577,-58.3789479351,70.5936702151,-53.6786521687,160.087852003,-129.750985368,115.536209375,-44.5748114405,-174.199873804,-128.369012118,161.029891124,-118.878982889,1211015101.83
23,153.046360559,-129.236651973,55.9263817157,65.7378528319,153.205109076,-124.099092523,82.1035622439,-66.8809489634,26.5909224746,-166.217783442,-127.254575334,-154.907160537,21.0296867512,-72.6674376198,-103.066028066,74.9467497702,125.702295482,-78.6056780547,120.717082622,109.074085177,28.672910195,-33.5371433012,151.953335781,-81.5547981305,84.3128999136,70.6242082119,160.874710736,-61.788681089,69.7668118188,-62.9360265764,162.837564798,-116.942717887,118.586283624,-42.5756521203,-177.927442249,-129.842863079,163.803795007,-122.46354881,1210895185.13
24,152.085934967,-150.694591694,68.7995202111,49.8065864201,166.191607489,-179.201316914,69.0161820826,-85.5400330759,24.9233213917,-171.252052065,-105.033688753,-166.270528902,47.4439477186,-113.43155303,-66.2146390777,88.5987860388,123.806731111,-89.439275306,137.257707284,103.797471002,-10.903946709,-31.9930471035,147.418772697,-67.4452252794,86.4503371977,64.1309533959,128.324264803,-82.4703803674,63.8379859112,-70.281301662,160.512181365,-88.1027641496,107.903432618,-47.7634650517,-168.088028682,-114.507397532,170.078692709,-118.130213643,1210904379.5
25,165.369197795,-131.899529326,74.1713875889,44.8893862747,163.174976532,-148.942481583,63.440680836,-74.5235598686,18.5052971312,-158.580961616,-149.949258725,-144.556556698,43.5843851093,-90.0560875404,-99.8381915868,98.5416967689,131.215805678,-90.7381342596,143.263500239,90.0155294092,1.168992125,-23.421850367,146.334378986,-77.3602230009,73.2577674022,86.7060554153,140.746657049,-71.6094464145,50.059577675,-83.8594828712,151.643113364,-99.6691166417,88.7996472118,-60.3761338994,-145.82295852,-121.866150173,171.551620324,-119.951270172,1210896347.37
26,144.783420843,-155.15996748,43.6980020325,49.5405097425,160.172938814,-128.3013751,77.213759793,-76.2749755463,25.8406174594,-156.522054576,-117.710112589,-159.280349728,8.331349367,-91.5581470962,-103.30404173,94.5292360791,132.372935631,-75.9858905718,143.888262476,107.285979165,-9.27635745102,-18.6293816834,151.475912672,-70.767694067,80.1820196228,58.8656373486,134.23784644,-88.6459142004,68.2623498109,-49.4537486408,159.557778922,-97.5905899001,109.390069108,-45.0613403037,-158.498149312,-118.586788325,157.694271194,-122.756646345,1210896055.36
27,129.25111803,-113.140854852,47.0082979992,70.6656979741,173.254908916,-135.053381547,48.9780149956,-72.1630389533,30.0176000309,-164.289919113,-109.745017593,-163.823937273,4.24208724027,-77.6735050128,-99.102143248,106.759172053,138.468737958,-84.3103343618,131.161790781,109.664343888,-17.5206897536,-25.5987751732,141.646321732,-70.4739196557,79.1932400606,52.3991677923,166.914330602,-73.5272146079,58.8987089927,-35.8779187593,172.540922038,-110.722967266,100.238575691,-51.0233134913,-160.268774415,-135.812816662,158.950055124,-118.286391487,1210896551.1
28,130.569036547,-127.26834567,43.2735967912,64.1349639562,167.805867386,-131.155301771,50.8901850379,-79.9360750375,33.704247486,-172.177088141,-115.617337059,-170.12318759,19.0368652709,-80.5197584013,-100.354174134,94.4567884171,141.422135883,-75.1386765626,131.658779985,109.198868428,-13.5206126965,-17.4457391721,136.373443729,-71.3802307412,92.1905978746,51.998187086,149.881826005,-75.7945032481,59.3553857602,-39.1473813671,167.490163783,-105.129132288,99.2862566183,-50.0024405139,-156.39610084,-134.867001683,166.65819476,-117.973086543,1210897080.64
29,80.9880541053,-49.6482697798,52.91910554,47.6489030478,137.992344181,-134.33279932,35.2225473749,-77.3387711515,13.0024768986,-163.652195196,-128.996026834,-148.183937101,1.27831709579,-49.203123931,-147.053968555,113.910403825,136.405955734,-75.3742986925,114.271793912,120.454627688,33.9109290756,-16.5914321634,118.832126299,-101.048665447,93.0255013192,44.3805463209,158.335394307,10.3491440343,71.9200034377,-72.8282835754,166.326886372,-121.885507652,116.040171962,-45.4430658025,-136.880906577,-137.209246309,134.279069547,-125.032755127,1214664686.95
30,100.064247961,-44.8348441096,39.5593953939,32.2650851754,127.180297832,-131.656344378,31.3054059225,-80.7893492885,24.4958539007,-170.37104195,-121.596103513,-156.414139687,-12.7824054762,-53.8444716089,-138.04334773,111.596760756,142.566567438,-75.3394308935,144.800998188,116.586647694,18.0719229678,-24.7682804278,116.630245015,-98.155379051,91.3955101359,43.8597109069,156.830471927,-3.00755049735,68.3735818033,-64.8227467202,163.884737983,-103.783646427,110.973287843,-42.6048757938,-136.318312431,-130.678781348,144.383035216,-127.744724333,1210899928.72
31,-95.3247400939,-8.68652691949,-50.8654538367,-104.936329141,24.8126678828,-96.4774344274,-103.873357278,51.8450946587,8.50765777756,-53.0296081049,104.0553234,90.900053178,53.1615041629,107.383900681,90.6594194635,60.0632966328,89.6831701165,72.0600486686,28.3166217302,-178.786993876,-58.3045529448,-57.3630025561,-70.5616408839,-73.4603392225,1.06737792437,-37.1994383083,-102.166814884,-12.1409912059,-39.7927499969,-75.6590805052,58.9273155783,-78.9300604814,156.885236886,-102.743321511,-11.2441887546,-108.002601633,9.87507209479,90.083736645,3.58129928366e+22
32,10.2286518512,-159.316526372,-108.291861181,-82.5124331948,85.0161813934,-74.2286071105,-112.3183734,73.3550845308,20.3244697378,-37.8420853479,95.0567852255,50.2058078515,58.8811808379,171.153689581,124.966464005,57.9340522431,-86.971176329,50.2917353819,-10.9333306281,-162.078725125,15.8847088845,-25.2982573287,-176.517924546,6.98615124649,121.38013053,-43.0297914911,-35.8778189883,63.4844519338,42.9545593071,-75.6428913447,73.5148865171,-72.9737002336,45.9090084908,-95.2789214736,38.7571206161,-77.6962054024,-13.1194600051,79.6989693542,1210954869.18
33,71.7427547891,75.4779926092,-10.5819507987,-33.7077096434,106.617492511,-165.450138911,-111.680665472,52.2751009655,3.23037917598,89.5776084948,-75.4814452362,18.2223367443,91.8428494327,125.325500289,-7.70341303974,-6.32667297776,29.761138209,104.852334327,-65.6769848681,-157.015802419,33.9229723421,-74.5854282738,137.585742504,19.723287846,59.2358588281,-85.8030451865,-93.0101378052,39.6911767137,-100.955859701,-54.4054932998,111.126535415,-64.164246278,67.1899410302,-87.1877794944,71.4083858393,-78.4279588217,55.5233415499,60.0200403328,1210910069.96
34,-4.64889834685,52.4363145324,-7.89905773888,-94.4083924442,85.1785307314,-166.771217305,-126.46334503,47.4934410635,-3.88255983156,-43.1689175947,38.9757401519,61.893860719,30.842460387,114.642247422,31.3491420064,-27.9269372395,-1.71316608535,101.529769717,-141.321271004,-97.3301768429,24.0895286243,-28.2637144235,139.811041504,23.2016786269,8.82451263537,-53.4806362247,-46.9298208324,129.135486707,118.146120237,-91.0479093053,179.691763985,-100.674088458,101.766927489,-52.9491690947,58.7367372134,-25.390465516,176.338275854,-43.3166065667,1211057846.1
35,15.0095222493,78.4090142947,-9.33666799006,-30.8110265881,41.8491825145,-114.080223647,-85.9844111145,20.8726612445,-15.4623476607,88.4788764061,-44.5173618152,3.46134129805,86.649692533,153.285663655,40.1532537397,38.6738157933,7.82191796031,176.546532734,-97.9327887775,-131.247862802,19.276795361,-18.827942817,78.158342734,-48.7364526372,49.453037442,-54.2659263544,-91.3689053123,21.5626822706,26.671969803,-108.025774007,78.9834802858,-120.263316128,72.0546588445,-122.154025939,26.4776274164,-16.9397143228,90.1822396646,29.9491872886,9696329702.4
36,76.8618971264,65.9621572123,-41.3691351623,37.3745951107,86.0843239052,-148.890233524,-110.113891397,43.9516662375,33.5182713916,69.5214977459,-86.2570232701,41.8875875695,69.8674703328,102.916483505,6.12703297487,-64.2063890703,79.6236304847,105.91073077,-81.5022695025,-93.890136491,36.2171195591,-26.6557300569,146.817012665,73.9834508884,36.1574858593,-94.9324431924,-74.5122729139,93.5762558562,-118.228230684,1.66781703675,95.5526268505,-109.739653806,78.1709387832,-108.664137585,76.4442195471,-46.3712106807,47.9574309038,-40.6744435341,1210908871.63
37,2.95720077243,78.6989390799,8.05345350002,60.5129115254,71.8818641759,-90.4950947283,-101.113587536,3.31138713429,51.346286779,83.4935810164,-43.0676764033,84.7561482144,30.9259385575,125.155838465,18.2658901254,4.60341584131,59.9752988935,-40.1462429227,-69.5222740275,-98.1273519998,-4.17307746683,-60.5907490944,134.363595826,57.1532810127,-4.20103434481,-73.3705890905,-87.5406086109,99.9344345524,-71.8978751249,-25.6264157992,84.1277433139,-1.98047328715,142.22064011,-97.1042762166,24.5011839466,-28.18661209,157.043058352,-84.1616380047,8973779343.35
38,51.2140528085,115.584542437,126.42959794,9.39530067335,133.625819197,-116.240719715,-89.0703181102,-41.6329922746,-21.2253319632,35.8223090161,32.9256860213,71.7964626236,13.7455520539,90.1166805005,33.3670342317,-35.1085308098,23.7539769376,45.0730758408,-103.800551657,-117.241269821,-6.56959824224,-99.7161452673,139.465297536,-13.0255662194,76.2088494894,-132.064494701,-24.617241572,178.458178997,-29.1781959445,-68.5283865716,126.820020022,-83.3460109374,91.9981158671,-16.5791753863,26.3238595496,-25.8989108945,10.7599298992,161.34510096,5.61657413396e+17
39,47.2831776945,16.2070864121,-47.7085336274,1.64382695122,143.605105853,-179.30003397,-75.9257683642,47.2768957233,43.1234040002,18.2309051544,-79.3244394776,57.611469875,118.983514904,103.735288623,40.0766916424,-92.1946351805,32.7977877457,129.158617929,-98.9900220489,-96.3600241447,23.1721441125,-23.4915039575,87.041961428,99.3825626271,44.623920822,-100.741739378,-68.6066395595,121.851351489,-88.9604661309,-54.6899042514,48.1355463248,-103.334807767,125.418832049,-69.2753890393,35.3074782359,-25.2900020796,116.281893447,-24.5304689403,2.15016430606e+11
40,52.4969597963,85.7649428785,-26.5418604749,62.3599260126,125.486126139,-137.956498205,-91.3508882268,34.7299350279,55.1589791373,55.7098448234,-73.1611071931,47.767099793,26.1032203617,88.5392348026,36.818429542,-100.262210589,63.3378778173,117.969928917,-49.9495757345,-92.9766079473,45.8475157934,-25.6994780818,138.889707769,89.8467651796,29.9298940528,-86.8351425743,-76.1063860958,131.370348821,-88.3940625506,1.0088572338,99.6891292689,-103.319381696,127.327145206,-73.2658141226,60.7110327876,-53.4242773403,95.9426782841,-42.1704940823,1210918377.93
41,48.9837075841,129.883117593,-57.0686199247,67.6914824962,113.825376133,-136.896685211,-4.92723976224,41.6198465705,-4.90307507413,33.7428648484,-33.8236790094,68.678618246,47.1356542733,122.344803966,-107.897842607,114.050533963,104.810878918,-59.066164562,-82.0212894056,-146.522049981,88.5516198213,-82.3533724323,44.6282049693,-1.93212946272,-24.8611287329,16.6221016335,-37.8833429585,91.701528071,-179.767148802,-103.445095669,30.1982625038,115.638070194,55.7568464026,-36.1218588921,93.5297672901,53.829627557,-43.3927441156,14.9130722703,1.22953156177e+11
42,129.010425684,83.7151710943,-59.4372432752,77.6010880779,91.3725488212,-119.297769908,5.51179572202,100.437953444,-41.284550401,98.015647981,-29.7034158776,80.172639454,90.8972817522,137.983879374,-57.5801618268,34.1197737753,96.5020952709,-76.6691399369,-60.9217147247,-90.6403666574,63.4522353,-29.9690000474,56.5493673136,-47.8313580081,-69.5543596462,-124.969824902,-9.11971871451,-6.56743066531,-97.6895759666,27.4243370785,173.88466385,-18.1480692656,-91.6221480668,-6.28835256082,72.3109237949,179.566246507,-88.5650318308,-27.1075137337,1222857093.07
43,79.7615463751,73.029538616,-64.4139664558,46.8136179856,102.672674582,-125.002769231,-30.8014866513,70.1834618653,7.63840920262,69.8475261641,-1.15207448647,100.450077693,52.5589634791,84.9330066495,-17.8502339914,-69.2838890203,51.5637343176,-52.2867242878,-47.1601345592,-52.9954748168,99.3766446778,-86.8005282785,54.7113820607,39.0832065217,-103.389116288,-37.7939037669,-103.445599957,39.7628592128,-179.798707727,-7.03459185071,126.069358438,-37.7601270619,82.1175308194,-31.0306663184,73.1143834127,22.1707336982,36.4041879062,-28.1209325962,1210907714.75
44,120.359300371,-82.3853116562,-62.9549119677,74.4039894555,109.29938035,-174.74733863,47.1044045626,-82.4476861849,-68.3096852082,85.4430195885,-52.3366413625,63.452171545,15.8140854936,119.542956756,-56.8995116217,-133.697469634,148.238821973,58.5653428174,-179.76140208,10.5483903682,131.256201722,-121.542173672,148.387142747,7.66404441028,-30.8161506515,-13.2613078046,-39.6023624139,-34.8374286868,-91.8563629982,-78.9366267455,59.8013553316,140.183490721,25.045943309,-68.3101612044,35.5440546517,76.4298985441,-47.9906746274,32.5587544678,2.55934888058e+11
45,90.413123258,64.1375191417,-68.9133083602,53.0737658374,98.4729987122,-179.76541339,77.1685346397,16.962637193,15.6769989159,5.13171309073,-44.0779619564,100.227313857,19.1857112025,71.0486383467,-61.7706184205,-123.295650927,-32.0785634731,120.960991407,-26.7819902527,-146.257683709,114.929892221,-97.7670440756,51.4718417204,36.9561513672,-82.355520716,-65.4124213833,-78.5632792795,56.2907226456,-108.179788745,-55.813012931,121.942645906,-10.2120207389,50.36930552,-82.8082650925,53.6268487942,9.53204871175,-25.1604198755,-35.0656248242,1230400965.34
46,77.6193319951,94.3778232631,-142.717310423,133.834726491,131.616776936,-157.877072064,21.6295173147,4.55621906877,-63.9559141352,-73.6000286167,-24.9052547407,31.3044593653,66.8489807644,78.7642245321,-135.185976227,-110.94800644,-0.439615779359,27.8471350241,-39.5420371078,-37.3053738915,122.584600162,-118.635125299,-70.7736188336,-29.0618917335,-44.7409899635,-36.3412845824,-56.1812258036,-44.4788085187,-133.563098781,-117.605783269,22.9344118231,145.856896144,69.2110572556,-101.425575672,49.7098630032,178.474286821,-31.9704447463,50.1431883994,1245084659.79
47,109.89034632,27.8871225874,-47.7587638671,70.3375197416,88.7501617148,-133.217667945,28.2045021161,-22.5871313537,-13.8958397364,-89.495599919,-37.7120694993,62.2591961329,38.3584716615,69.1145951614,-67.8893955191,170.448995064,-18.2818991041,33.1149561388,-58.9939222793,49.6970177982,87.4470199801,-16.0100809605,-73.8178021837,33.4662095567,-117.809173836,-44.6706097991,39.0424909693,32.8650217485,-103.508596275,-100.844266667,84.4959844718,178.659621328,54.0653248907,-93.4080914254,-10.2476640448,86.5683869745,-18.167014264,-76.4885783062,7140667187.7
48,129.951561549,87.1318353276,-17.5477997102,71.5817810887,125.389189804,-110.077532047,-3.69031968586,-23.1471062878,23.5497315268,24.7281475788,-33.5504161114,98.2829097395,48.4488076157,73.9125619196,-39.53918063,-179.992916896,11.8267549473,78.7773505259,52.0476124032,-139.902784347,17.6190221259,-86.1227469237,-12.682782814,47.0116771409,-59.7589556594,-70.5100141541,-107.902236343,85.137758417,-96.5979351413,-86.7978016822,109.808732389,-16.3968288785,40.4279361767,-75.7138790027,10.5276281344,-8.38559097307,-14.8131436165,-4.39045983057,1936939379.66
49,47.0659561903,44.037715343,-149.560155397,53.3781750206,22.9524093839,-155.335926867,60.8102727105,-133.549606458,11.3412711089,-91.3073666081,-67.5817930153,104.37129609,35.7102854516,92.1469948743,-70.7186603528,-164.289399886,-46.774205702,75.8607712444,34.848919537,-167.299486282,94.8928201329,-109.687668688,-179.834155887,10.8825952907,-70.7934805662,-46.3858176749,-111.499681472,53.2264204772,-41.4859793661,-73.5827481197,35.7327007517,-13.4734595382,95.688691517,-98.7101783314,-30.1681045197,-1.18083352762,-54.1524411139,31.4448638469,1210921398.33
50,29.1226710091,39.6378295201,-98.411701719,67.1477170216,28.9114845398,-142.900877164,84.6616271058,-121.507782205,11.2737708741,-107.449441838,-69.5339385314,113.845445166,16.0548463026,69.6509735337,-86.638845015,-179.998175347,-29.0015831178,69.047317144,28.9911932614,-152.33031297,86.7513664649,-108.033263184,-146.950161541,34.0537302451,-63.8691488335,-25.9260881257,-110.576699432,55.8782801088,-45.3610952451,-95.7663904039,81.5985735342,-86.7056261893,110.033765487,-102.571136624,13.0292222452,-1.93509594268,-57.613909085,-8.76008545767,1211536401.71
51,14.9692521465,26.8441351662,-118.742438402,45.2419668029,24.5619964527,-131.471213383,90.3507565594,-120.034733753,39.0756546858,-101.245139043,-76.9617250706,68.0210658806,-0.518497451076,81.1309083167,-47.4099751739,-174.694258446,-24.7839799057,77.3346449984,20.6213183504,-172.783553593,139.87803622,-110.001445851,-121.213900825,81.1928044629,-64.4294811299,-92.6325850909,-110.777513297,48.9136211437,-19.6388825784,-43.9377796521,91.5985096331,-19.2421505308,67.0681959845,-99.1137772523,-39.9580204177,-18.336181451,-56.28150471,11.5084944844,1218106506.75
52,114.263025379,-42.4513903943,-19.2799526851,-9.01581145015,19.270051491,-106.456167127,124.261076346,-117.908199522,41.1273335289,20.9928811352,30.3699729449,121.708814976,119.386761515,77.4879037663,-34.7186127354,-99.6339812138,3.50780236802,-49.6090940356,-26.5243274388,-8.9454637447,75.5996425369,-115.335982166,-179.995939513,16.6155646202,-32.6458756871,-44.0070544837,58.5490919162,46.2662127664,-21.0352155267,-41.9811264283,143.528699504,-43.0733714415,78.7626191115,-44.8861880903,-67.5790629285,-22.1254544888,-76.9929624861,-3.23951881486,1430693760.78
53,-29.8032481364,26.2659776943,-109.739821929,54.0279395443,-33.9540147659,-139.796619351,20.0630096913,-107.779778416,33.4201051621,-85.8697276397,-45.9598390587,89.5326982892,43.1904130093,87.1918692221,-64.0691304184,-143.486249788,0.492674225508,40.2204829454,10.2679363455,-146.070695488,104.897723337,-116.999766155,-134.869464764,-13.9202987955,-67.4512459934,-49.6532959113,-95.5247544753,70.3086461467,19.5304717605,-81.6338790045,74.0876168819,-0.0503006395584,81.8904994569,-91.8372445396,-66.3142749959,-11.9438686451,-64.6464072866,64.3047658502,1210908213.0
54,-22.5494121996,42.2112968819,-96.6166692158,60.3533726526,11.1863263453,-179.797215346,64.8129275551,-92.3818291573,27.9710649216,-87.7814970059,-43.4344910674,72.5895580501,54.0639907609,73.6951347066,-71.0943036585,-143.213974148,-6.76113718941,27.6522940946,38.8528469698,-144.150971538,88.2087151465,-94.9341660108,-145.899068316,-10.0387311712,-61.2055534523,-55.0361894239,-92.7036597816,61.5987758431,-22.7486410232,-49.8397873963,68.4762805514,-19.3924662774,93.2616010889,-78.71396064,-37.4084896236,-11.9662821649,-92.627405262,68.371490406,1210909970.36
55,8.5866942621,45.9146207756,-74.5986365341,111.759650888,23.9197051756,-160.97635208,51.8701710748,-127.546565325,13.5827137795,-95.0288280654,-31.2879953031,83.1726654119,73.4394193868,82.2967978541,-65.8262698376,-150.39008468,-30.6234399565,60.5661091265,43.1585611957,-125.908435567,88.4030489841,-71.6786437054,-160.814805556,-26.3683216854,-64.664345717,-54.5748166273,-108.678766923,64.9071478454,-45.2416835991,-34.4048855452,90.3681577879,-43.6613811086,107.418832792,-107.946695879,-70.159610642,-21.8641228563,-48.878730897,7.0429443717,1210970956.29
56,-28.6305006026,37.3147685581,-107.222108086,83.4702005872,7.61459000999,-177.407387457,56.1585426123,-99.800181498,23.5762133382,-103.75041669,-35.241583516,84.8889044822,80.144900239,74.7994876516,-66.0602869932,-136.433010128,-24.233505516,61.5276813306,53.0100855506,-141.86489792,95.6896926102,-89.7758836782,-142.552972797,-14.568566064,-78.2496388891,-54.9631251095,-88.3260051265,61.6309133005,-30.4033474401,-42.6874913042,60.0698542062,-13.0227784048,82.798675568,-84.4708831156,-50.0880444029,-5.04591800616,-48.928423584,70.2160068508,1222877206.44
57,-32.2614296508,44.3178152885,-121.528841,68.4622648146,-7.2882371918,-137.500043669,54.9598156437,-109.567162554,9.70785706555,-135.894727898,-37.4832846539,76.112924892,89.0198267202,79.1011955188,-82.5062685956,-146.574758461,-6.25497893591,45.6227268469,78.7172225243,-77.8250247462,96.6824576008,-102.990385393,-143.999953943,-23.1856875522,-56.1952038196,-59.1332281671,-117.744125856,54.1968957282,-35.9237348081,-47.3523771635,71.5149807122,-34.9462697565,84.2746320386,-101.109272985,-65.4722926607,-2.71673424924,-64.1119692545,69.0115705161,1211270211.12
58,36.3141779947,-27.5951234763,-136.904474136,26.309237565,95.7875103744,-99.7699547495,58.6277915669,-96.7579699603,10.4304163206,-109.294751599,-179.992283529,-67.7684619225,43.6970178339,-16.0299496366,-58.6538400293,-17.7448310264,58.9109243533,9.71657160001,72.868442543,11.5307541978,60.868911963,-80.0075063157,-99.3339449878,-171.397010589,-26.110314255,17.0043841806,-13.3434061644,50.0246893065,78.4156380587,-81.1946589157,-1.61654151347,-94.5803013437,27.7493357727,-132.335389953,-75.6826047415,-96.1967352043,65.4539223829,-45.1068442107,1214307195.11
59,85.793408879,-116.532902805,-37.619032857,-32.1195349103,76.3331641788,-138.715873119,-64.3625405039,-155.233899075,44.2051074364,-94.9579463193,-67.1255397675,-10.9554426677,43.8501663927,-43.5317754357,-123.585642233,178.911138224,88.437634469,-85.1679406792,128.091417583,11.4704506251,96.4477711753,-148.973990514,-100.276525857,-157.667861874,4.26511547729,133.609186137,73.286669578,-82.5227006596,6.40051567929,-93.4784404304,-9.54860075476,-30.8699858451,113.749391335,-99.7683403914,-40.7821746123,-59.7051219372,-1.01446252745,-62.9931002172,1210937808.53
60,94.7830233575,-21.5329950564,-65.0229512582,2.24538432907,96.1959756454,-127.279747515,38.3778922902,-81.8270966412,18.2227472566,-120.238184402,-101.71549115,-39.6130626174,30.5732024993,-78.5514326345,-114.175883655,-129.66151996,53.8846963212,-57.1936153755,130.479265619,26.7575266837,67.0777480867,-76.3651628626,-145.187080873,-72.3085402274,48.6917857073,72.23713985,84.8702573816,-110.524109971,-118.628658198,7.45615568408,80.6678322157,-3.99531656819,100.018550939,-22.1929468123,-84.6580023424,-114.277771559,31.8194278182,25.6672499228,1210923614.9
best,82.0853150705,-83.8858483822,45.2703976333,-60.6271260139,135.166378342,-105.500574368,1.03109088726,-80.5176363895,-2.15297519982,-143.541576925,-154.050013242,-152.234949973,-21.6490392244,-93.2439649305,-109.066340836,76.3195026799,132.737134491,-73.6163070017,91.1921408259,155.608908563,18.0243964802,-39.6880816422,-21.2471099136,-122.097934512,87.9716250232,56.7263116431,122.664913157,-114.803393825,78.6730190699,-103.980959693,-38.061793305,-87.1088061028,98.7997554226,-68.487519073,-179.709475578,-118.911866359,147.907515012,-58.3188194984,1210894650.61