id,d0,d1,d2,d3,d4,d5,d6,d7,d8,d9,d10,d11,d12,d13,d14,d15,score
1,1.66185702252,-1.24378542848,-9.68825640613,-145.549163856,10.0920966065,-29.4626700002,-21.0138153833,-125.185666773,-26.8221889229,-155.986056318,52.9319832226,60.6875072653,22.2336640233,166.560610089,-8.87706129076,12.2854974783,81.3814
2,2.21838151537,-0.547401506549,-9.90162987503,-169.595270321,28.1064084513,-31.913601683,-11.6297125681,-103.122944997,-36.2582990906,-118.15649777,36.5603630981,92.2961482081,18.0593088772,173.962826794,15.6597729754,23.4384797966,306.70734
3,1.76515515615,-1.25151138306,-9.86484372,-147.941732945,15.0132347809,-35.8437295688,-14.4069841259,-125.531229228,-24.780597659,-140.204884368,53.1200189452,64.4165447197,25.506139231,176.552344435,-1.95887246028,13.4806203718,-3.8728
4,7.5603278198,-2.01510443115,-9.60957063216,-124.349627291,-36.6322520802,28.9713063931,-19.5680987277,-143.541655974,-49.8034239134,-122.62204172,59.6955553407,42.1385678108,35.3655010443,-21.4840271806,-35.3011747673,115.550451536,65.50177
5,1.80832260757,-1.34705527584,-9.8118169901,-150.631224702,7.82531580911,-33.7467977692,-11.9801321718,-125.839947364,-19.048770089,-142.874118924,68.5342879789,70.5958420913,22.8754839206,179.964988483,-9.32312282695,18.3587264796,3.40372
6,1.75638785912,-1.26331484262,-9.85069392435,-148.254152828,14.6032302803,-35.9927269548,-12.9462995261,-127.206972519,-24.6179083466,-141.330177582,54.6624421979,62.985483614,24.748274736,177.835835649,-2.45148743686,17.4617079274,-3.83544
7,1.82800543231,-1.21879704791,-9.89917280738,-145.562724067,12.3939416439,-38.2815737634,-9.34573990344,-108.768947575,-12.2538544343,-126.088443735,51.4462458123,68.1433535666,25.1117215588,177.851159545,-23.9940124147,7.17297770856,-1.51007
8,1.78976907748,-1.22552205441,-9.78122062306,-149.668218396,12.5103416759,-36.482547667,-13.6983401724,-129.051641775,-23.1387360735,-131.943961885,54.4245771322,62.8295434364,26.1354680164,178.13645843,-15.1073342763,25.3263436036,-3.63043
9,5.56909513877,-0.540267278412,-9.61245688331,-113.52840213,47.6996526386,130.060068432,-63.6474171666,-179.999999922,38.3308641065,-43.0699359431,15.491913303,-40.0228460523,-25.0118638769,-98.4742976207,38.7793830789,32.8280552261,-0.0
10,5.11096305872,-1.59413132875,-10.5329570518,2.32034515524,41.6562521734,54.7869239369,-70.4473260258,-179.320908702,-14.8125633022,-57.6432267629,-29.9228443885,48.2108875155,58.1396750515,133.494984688,67.7137023972,71.2199796592,-0.0
11,6.00509371404,-0.93928745008,-10.1198686914,-22.8010917777,44.8140776322,114.073345765,-86.5434498201,-175.051384198,-83.7129684524,12.1214174567,-50.9639488371,-18.1320745053,-0.436451431745,-101.178405896,137.967014606,79.263761537,-2.87635
12,8.15781003918,2.37783897537,-2.32036734134,53.5711585435,72.9704043865,27.0952809148,32.6197836222,-7.7308866738,-71.6134584679,-72.2413862905,-92.3242148419,10.7662459558,31.8335871599,-179.785540032,96.5139717736,49.5600745998,-0.0
13,6.88117920616,-0.546682499811,-9.98222709858,72.7955242874,104.510751846,165.133501617,-90.7792921279,39.9422798935,-38.8955228947,-7.80592829862,-179.982152041,-51.0445894999,62.3742397369,-113.012842359,156.669166558,115.312606972,165.00045
14,5.54243850098,-3.20632145706,-8.372977285,103.504757352,72.1603404524,-66.2837278877,-81.6075132366,26.5269584995,-31.9306379095,77.9027978078,-179.349328059,-77.803684152,117.437808311,95.6425836944,126.595650309,72.4520789219,-0.0
15,7.58815025564,-0.47170381091,-11.0,27.7643809174,73.4091072626,155.11115285,-135.875182338,50.5515103537,-92.1546825437,-18.9417475855,-167.637487442,-0.728958804593,58.0764276362,-152.02252467,164.956192863,129.568211995,-1.41891
16,7.69469684306,-4.49976920342,-7.76803752753,7.52943034044,60.6772242605,61.650486033,-178.681002116,109.406879018,-69.3840975696,-35.9754121739,-176.278319277,-28.6377494874,40.5289788413,-162.73636958,132.878982807,30.5029329402,-0.00595
17,0.763028782428,-4.30768412054,-3.16274533038,-134.732489222,-83.8145645035,-13.2079759854,11.3249674818,9.87724202504,-17.8442046851,28.6507613324,-179.999196362,-25.793230163,-158.19844736,-33.5176191325,115.022903279,-27.2591859741,228.43924
18,0.494027208964,-4.89423684199,-1.34278599123,-144.699228802,-40.0039014176,-30.6982661121,66.94671683,15.3228825588,37.8318663754,24.8074881715,-148.942791335,-9.19194846011,-165.574654018,-179.990863179,68.914737261,-81.1491585952,241.74489
19,0.140718070517,-5.44778244448,-1.22850756486,-115.906336296,-24.1931490579,-61.3486517015,107.244882205,54.9337939079,84.5037810009,7.61854980981,-161.504045156,-26.5420092918,-126.282948063,-103.192172211,121.522155911,-64.0835402893,0.0
20,6.80658876842,-2.63562302868,-2.30747005182,-96.0182364982,-8.87817863913,-25.6447554938,-36.0575699159,32.6484390248,17.4367469081,-125.462445963,-164.969435098,-3.13517831992,26.6795339914,-154.248226554,-3.81219717858,12.1355340067,0.0
21,0.831157035786,-5.12443734707,-0.930315620272,-127.875802675,-66.2308191207,-90.8092416064,85.0169734673,35.9538148764,62.1579112554,32.3994454303,-179.878933961,-29.9767069372,-174.517061109,-44.1322999256,124.926315503,-52.9689462431,0.0
22,0.630459187201,-2.4904032717,-5.24536494117,-179.518321718,-39.1307945426,-128.571315072,60.2416422569,-23.4662031695,-30.8109999705,-23.8846883737,-125.454270534,-26.5799381005,-122.31657542,-93.8358738685,110.46359056,-131.448215333,-0.0
23,2.43004736603,-3.60283276794,-3.30425978176,-85.5035345202,2.43295173233,-129.404341424,-40.870711086,-40.4226450321,14.3142766812,8.94682116231,-106.739615805,-25.0374847207,-160.4608762,-112.844316917,142.945406592,-62.8022667853,0.0
24,4.8754155134,-5.69073755058,-3.02862725353,-63.2202496224,-65.1497119786,-119.688344132,87.9542497287,7.04970720351,64.9873911966,-9.08632851218,-179.789682876,-40.7456495901,-110.28566742,7.82514375298,140.254008541,-65.7712152255,-0.03507
25,4.6335964494,-5.9002212603,-3.44506765578,-55.6333527197,-67.9775800866,-117.685376079,72.1158409923,0.612142694411,52.1851709227,1.99139606757,-159.3117308,-32.078062714,-148.09795716,0.983783248069,148.642835536,-60.2184665939,-1.71653
26,-0.273523839285,-5.74670027453,-1.49999334842,-75.9386074464,91.3775651293,-74.6687704698,-67.2104421482,-8.62636869581,149.964961762,-4.75584950514,-28.4126074049,-16.9581436774,5.93614989256,50.3324790394,20.4641873796,-44.1789275861,0.0
27,-3.6894501223,-1.19534289094,-0.409392160401,-157.09121956,163.24487159,-117.198439548,-69.8231755402,14.9457427364,53.2602148639,-28.5664111379,131.403470619,-55.3426918249,-160.137707653,24.9470381268,58.6598569732,-46.008972198,-0.0
28,2.09955940823,-1.69631261301,-3.44157798878,-32.9478818563,78.7273066587,-159.829659886,-38.5644948645,-56.3217035018,46.4407948104,-36.8419269213,-150.013631071,-18.1903807237,-177.472216702,-13.0753824508,77.1251158764,-117.966040538,0.0
29,-0.674690581158,-1.25671113846,3.29066962646,29.4366618453,31.5947852808,-57.9056312915,34.2776147887,19.8970184119,65.0363384578,-10.0690475642,-134.611439805,179.988177112,-0.390835190992,-92.7040060509,80.1286770078,-77.4828487255,-0.0
30,2.02976945014,0.308613938347,-1.02604569148,-95.9967735073,-23.2599959748,-84.9534064337,59.4769346896,-1.03121807601,46.8153539105,49.0982213295,-75.3958487278,-135.579573706,-112.305950572,-95.4204818371,179.755546163,-75.6080764119,0.0
31,0.250258262875,1.42524864014,1.66019094571,-130.847833857,23.5774327643,-41.0213753047,89.055122739,29.0112739096,57.9661628975,-55.4345933991,-103.607034806,57.7072531689,-33.6072501528,53.4038625646,10.4057333983,-161.416007727,55.66331
32,-2.35629948563,4.1386272734,-1.01165254661,-99.6087603213,-103.645340254,-92.0790604616,144.025636303,-14.3777240786,38.9649340186,105.405442328,-96.6987831081,-179.999999503,-49.5928508149,-25.8954183525,29.5485940638,69.3471512631,4.25369
33,-1.52555550305,-0.647765033335,-1.47811665595,-74.3676245825,-126.666669143,-43.9566153067,176.569882437,5.51565179322,29.9831066855,128.192157334,-100.547506347,-123.42554411,-99.4312938592,-89.6681797372,144.804915323,26.9205270555,-0.0
34,-5.72724190676,5.01331561738,2.3242550829,-133.97762958,-112.934331834,-81.1913959862,101.139250598,-9.228059875,-25.0949588729,168.861919585,-51.0337920178,-58.2107153344,-19.2358600897,-72.4838710963,-22.6352754404,-52.3186281131,0.0
35,-4.18600348329,3.85962376891,-1.22953817344,-105.689849654,-75.830630403,-87.8146862654,165.488614917,-19.9936216252,6.01036232096,142.995584414,-73.9987247719,-178.495030504,-80.1433602592,-78.9481989764,-10.1479051586,116.312814791,-0.00216
36,-4.67597958035,2.65537215485,0.0135499682306,-14.2937750467,-77.3658638665,-126.478477333,123.910749049,-13.8108338657,-20.0956880582,179.462803624,-94.4581053302,-30.9664736891,1.69510923999,-56.6853533995,-80.0761887714,106.064901534,280.27217
37,-5.10865549037,4.27570546986,-0.492301844739,-91.3077666414,-114.115579569,-95.3181368751,149.728013564,-5.00218988897,24.1840607799,161.622408889,-86.1620410369,-172.718229277,-80.6770930569,-86.3156363893,-11.3619815028,62.5902485957,65.78399
38,-4.36794291167,4.25911594537,-0.849816194584,-103.294770071,-123.319915991,-94.3516147985,160.306569898,-9.85486552485,26.2730976723,144.956737848,-82.5329391371,-164.292660267,-82.1614853632,-125.174270091,-47.02617902,65.8554694385,-1.24537
39,-5.12185339769,4.3581110985,-0.344901770986,-61.5762234866,-115.605686576,-105.113127697,152.442458415,-3.96396199198,16.6916418055,166.773822645,-103.788646539,-172.451130483,-71.9905034808,-117.246147939,-18.2567200692,44.7221844378,287.26326
40,-4.98468785187,4.23292777832,-0.545450725662,-84.0409226923,-110.750457095,-102.589864951,147.339422023,-8.76246870662,22.8433399428,163.274489811,-86.564593074,-176.580752613,-73.9960212444,-115.924664394,-14.5367593286,60.4942218816,53.95215
41,-4.03782829984,5.15342934495,-0.474583146843,-47.1217031963,-120.67230536,-147.345422115,164.935924811,4.53643129308,-20.493314819,147.467561104,-69.0383799712,-124.163280007,-66.8890307109,-38.9767092466,2.30915462897,55.0082458633,8.45079
42,-4.89466681531,4.34535695181,-0.466339740734,-91.6400854065,-113.354525849,-100.320091158,155.53579169,-9.08003521019,25.5680558051,154.613425205,-87.6113217848,-168.352835489,-72.895979169,-112.759713955,-14.2352010009,61.5988469706,-2.7772
43,-1.515933803,4.20562039785,1.17482727292,-87.2381179213,-19.7082076082,-121.103903224,179.372468998,-16.6395932926,-79.4847702977,171.467619577,-105.826452966,-106.964852894,19.4946659382,-119.059884907,-70.23737201,50.7064775688,0.0
44,4.92040609404,3.14369896177,6.40630692617,-92.9827207351,64.0028990799,-59.9449659264,98.5768345865,-60.633116848,-47.20131904,134.04075857,-14.4743572967,-16.9306230766,-43.3282568583,-123.326150032,8.79710075653,61.372407967,-0.0
45,5.71154642601,5.53912593089,2.33319309561,-85.3308529542,139.853929537,-66.4266817602,73.8283431611,-60.0645252986,-120.945433803,30.5664403428,-48.3506348976,-60.5747501958,-31.0894242391,-54.9674536483,-120.877079949,70.7727829759,-0.01223
46,4.60538884081,0.725924293629,2.30372132212,-35.7347244223,16.0343669393,-68.9575918045,89.5568415385,-27.0098332747,34.7373122756,-1.34491384454,19.9064939284,-8.57057650414,31.0635373044,-113.045009634,110.20296574,179.920240613,0.0
47,-0.0189006937778,2.28059758555,-4.54459088604,-90.4638620959,-179.848762146,-101.282208183,133.00904195,-89.3074283416,-3.88580072195,168.188093975,-76.3309638118,-34.8622797255,-87.2186714426,-168.806519903,-52.7963586216,162.528977182,-0.71456
48,3.77250743048,1.35061274725,4.61112281644,-163.89421798,78.4935426013,-45.4251430734,113.214370741,-70.4497441475,-80.9650804101,44.2704451221,-34.8960685103,38.4156688172,3.36313762015,-127.143842549,-6.77704777108,72.3780675508,-0.25483
49,5.84249119045,2.02744798646,5.37687053692,-174.110543411,107.259007266,-68.9097369342,103.025820733,-95.2999814784,-57.3924439126,159.021662926,-47.5927635813,17.5093420711,-18.2275287884,-111.672287611,-22.3602992609,110.707284092,-2.82993
50,5.93718958938,1.99944393363,5.32911093448,-179.911456543,109.720996786,-76.1927655474,97.7824587694,-89.8937052001,-50.5930424743,166.503686305,-55.6922090363,21.5728536229,-15.7290762313,-111.934201004,-26.6467377167,116.54319896,24.0136
51,4.40498185304,3.2627563614,7.8873018246,-84.5209653109,17.3503577756,-33.2039601531,141.963371506,-87.760294586,-79.112124648,99.305520939,-69.9812020536,-2.6272217437,-12.8246742547,-50.7297199983,7.81858862581,179.679234601,-0.0
52,5.99414250354,1.98575889622,5.3493826306,-179.702881534,109.676849308,-72.912552004,98.7026505373,-87.6624898725,-45.4728568356,165.677282114,-50.4208431857,18.2352913029,-20.7759644884,-112.250611812,-24.06221872,94.5634953661,-4.16286
53,6.30253275866,2.0472118022,5.81845081996,-179.999582147,109.686783822,-76.9203960406,92.3925129579,-78.8805712914,-6.59359352243,178.980519043,-52.0970659198,23.0542750572,-40.8839074268,-128.192662574,-12.8975587085,101.883109812,44.52961
54,6.00624049022,1.97164487342,5.1111812227,-176.610105968,106.086000544,-70.2735502221,104.942164645,-103.272806332,-39.2912915843,118.660174381,-49.2125789066,9.25767904096,-25.8995239019,-155.918125037,-57.2281221855,67.9628407655,-1.73428
55,5.5663576669,1.79405192742,5.55655066821,-140.33936606,95.6705446046,-86.0030142285,110.284080485,-64.858832986,-50.5209427899,179.806700466,-41.0483459846,7.85012414474,-17.7326167291,-119.769541861,-43.1678360214,96.103260567,-0.1145
56,6.00786467036,1.97807288271,5.36838180525,-178.99292719,107.399175736,-73.0683423316,99.4959827581,-88.1977318885,-37.6126575231,160.815275079,-46.714258651,20.0207794896,-23.9599712568,-115.091042107,-23.066706531,89.9068606128,-3.31198
57,5.98540408951,1.98267693605,5.35832207149,-179.574817097,109.588372764,-72.9460823579,98.7319727457,-88.6072004794,-46.9631290736,165.358827033,-50.5815762302,17.6050749748,-20.6232377574,-112.034588942,-23.0647694501,95.1235745923,-4.21442
58,1.02470038954,0.437670305481,-8.69288596774,-93.8669338012,-177.165735631,-32.6837680718,146.425864757,-48.9656819684,0.710859762542,67.6135644284,-67.4007083354,2.8395180632,6.60778098904,79.4146719297,-67.7734610763,50.4949154873,-0.00733
59,0.464668095503,0.16530883103,-3.94371361,-152.134535794,106.721101925,7.97660886201,126.339630756,-65.7392304846,-24.9942709706,-60.9637680797,-60.7436082056,73.7380023048,44.9976348729,143.948653392,-179.183131528,48.7610826863,0.0
60,2.00164841222,-0.857183270143,-10.7345672583,-98.854277293,79.5181175627,-47.9550144124,74.1232303609,171.774161988,-31.7931517693,-179.563551145,-59.2681668838,70.2580045662,-100.875509086,130.914672671,-26.9056655148,16.436095786,-0.01705
best,5.9923462908,1.9863799154,5.35192700179,-179.621407303,109.584253653,-73.0465194293,98.8264251532,-87.7842891696,-45.4648129665,165.789839916,-50.3521018633,18.072098654,-20.7892793895,-112.044270817,-24.122677234,94.7532349757,-4.23239